text,label
"I learned hash tables the hard way last semester—by debugging collisions at 2 a.m. What finally clicked was thinking about keys landing in the same bucket like students sharing lockers. Linear probing felt simple, but clustering grew fast. Chaining with short lists ended up cleaner for our workload. I still sketch the distribution before coding; it saves time when the data has weird patterns, like long IDs that only differ at the end.",human
"When I cycle along the lake before sunrise, the air smells like a wet library book—cold and papery. I count pedal strokes to keep my pace steady and watch stray dogs reclaim empty streets. The bakery opens around six; the first loaves sound hollow when tapped, and the baker always hands me the misshapen one, grinning like we share a secret about imperfect things.",human
"Our team tried three approaches for the capstone: a rule-based chatbot, a retrieval system, and a small generative model. The surprise was how far retrieval got us with good chunking and a clean index. We kept notes on failure cases—ambiguous queries, pronouns with no antecedent, and dates without a year. Those edge logs became our best teacher and fixed half of our demo bugs.",human
"Grandma’s recipes read like riddles: 'add enough water to make it feel like rain' and 'stir until the spoon gets heavy.' The first time I measured everything precisely, the curry tasted flat. Now I trust texture and smell more than timers; the onions should whisper rather than hiss, and the spice should bloom just before I cough.",human
"In our study group, we rotate who explains each theorem. Speaking it out loud exposes the gaps quickly; you can’t hide behind notation. Yesterday I tried to justify the convergence step and realized I was hand-waving. After class, I rewrote the proof with explicit bounds and suddenly the final inequality felt obvious instead of magical.",human
"I keep a tiny log when training models: seed, batch size, and one-line observations. It sounds boring, but it saves hours. When performance drops for no apparent reason, I scan those notes and often find a subtle change—like switching tokenizers or normalizing twice. The habit feels like brushing teeth: invisible wins that add up.",human
"Our volunteer group cleaned the park after the fair. What bothered me wasn’t the volume of trash but the patterns: glitter near the stage, skewers by the food stalls, and plastic bottles clustered at the exits. We moved bins and signs accordingly for next time. Small tweaks, but the map of litter told a clear story.",human
"I tried studying without my phone for a week. The first day dragged; my attention felt like a puppy on a leash. By day four, silence stopped being scary, and I finished readings faster with margin notes. I still relapse into scrolling, but now I notice the itch sooner and shut the tab before it grows teeth.",human
"We rebuilt the club’s website with accessibility in mind. High contrast styles, larger tap targets, and alt text forced us to think about meaning, not just looks. Someone emailed saying they could finally navigate the calendar with a screen reader. That note sits pinned above my monitor for the days when CSS feels like quicksand.",human
"During the lab, our circuit worked on the bench but failed inside the enclosure. Heat had nudged a component out of spec. We added vents and shifted the regulator to the edge. It reminded me that prototypes lie; the box and the environment are part of the design whether you draw them or not.",human
"I prefer physical notebooks for planning. Digital tools are great for storing things, but paper makes me commit. If I cross out a task three days in a row, I either do it immediately or delete it. That rule shrank my to-do list more than any new app ever did.",human
"Our workshop on interviewing wasn’t about tricks. We practiced saying 'I don’t know' without shrinking, and asking clarifying questions that reveal thinking rather than fear. The mock sessions were awkward and funny, and I left remembering that confidence is a skill, not a personality trait.",human
"My first tutoring session taught me that examples beat explanations. I tried to describe recursion for fifteen minutes and watched the student’s eyes glaze. Then we traced factorial with boxes and arrows, and the idea clicked. I still catch myself lecturing; the cure is to pick a concrete case and work it together.",human
"I brewed coffee wrong for years, blaming beans and grinders. A friend showed me the bloom step properly, and the smell changed instantly—less harsh, more like oranges. Now I track water temperature and grind size like a scientist, but I still enjoy the small chaos of the morning kettle.",human
"Our campus garden looks modest, but the soil is a memory bank. You can see where compost was richer by the tomato height. We switched to staggered planting so the shade worked for us instead of against us. It’s funny how biology rewards patient iteration more than clever shortcuts.",human
"I learned to read research papers by skipping the abstract. Starting with the figures makes me ask better questions, and the methods feel less like a maze. When I return to the abstract, I can judge whether it overpromised. It’s a small rebellion that saves me from being sold too early.",human
"We ran a hackathon booth for middle schoolers. Instead of fancy tools, we brought cardboard, markers, and a timer. The rule was: sketch an interface in five minutes, then pitch it standing up. Their ideas were wild and specific—'a homework app that argues with me kindly'. I left impressed and slightly jealous.",human
"On the bus I draft emails in my head. By the time I sit down, the first sentence is already cold and clear. I delete half of what I wrote anyway, but the act of rehearsing keeps me from rambling. It’s like preheating an oven before you bake.",human
"Our debate club banned statistics without sources. The first week, speeches got shorter and better. People started telling stories and defining terms before dropping numbers. When data returned, it had context. We didn’t become more persuasive overnight, but we did become more honest.",human
"During exams, I tape a sticky note to my screen that says, 'Slow is smooth.' It looks silly, but it stops me from sprinting into errors. I answer the easy ones first, mark traps, and breathe between pages. Speed happens when panic leaves the room.",human
"This paragraph provides a concise overview of hash tables, focusing on collision resolution strategies and practical trade-offs. Linear probing offers contiguous memory access but can lead to primary clustering, while separate chaining improves flexibility under skewed distributions. Selecting an approach depends on workload characteristics, key distribution, and cache behavior. In many educational settings, demonstrating both techniques with synthetic loads helps students internalize performance differences across typical and adversarial cases.",ai
"The system architecture adopts a modular pipeline with clearly defined interfaces for data ingestion, preprocessing, feature extraction, and inference. Each module can be independently scaled to accommodate variable demand, and observability is implemented via structured logging, metrics, and distributed tracing. This design enables incremental iteration while maintaining reliability and testability in production environments.",ai
"The study emphasizes evidence-driven iteration. By collecting error cases and grouping them into categories—such as ambiguous intent, missing context, and temporal references—the team derives targeted remediation plans. This approach not only accelerates quality improvements but also turns qualitative observations into repeatable engineering actions.",ai
"This section describes an evaluation methodology comprising three core metrics: ROC-AUC for discrimination, Brier score for calibration, and expected calibration error for reliability. Robustness checks include length truncation, paraphrase perturbations, and noise injection. Reporting deltas for each stressor highlights the model’s sensitivity profile and informs prioritization of future fixes.",ai
"The design rationale prioritizes accessibility. High-contrast palettes, semantic HTML, keyboard navigation, and descriptive alternative text improve usability for diverse audiences. Adopting these conventions reduces friction, simplifies maintenance, and aligns with established standards, ultimately producing a more resilient and inclusive interface.",ai
"We propose a lightweight text classifier using stylometric features—type-token ratio, function-word distribution, sentence-length dispersion, and character-level entropy—combined with a linear model calibrated via isotonic regression. This baseline yields interpretable probabilities and supports transparent decision-making in contexts that require human oversight.",ai
"In the deployment plan, blue-green release strategies minimize downtime and reduce risk. Canary analysis validates performance on a small slice of traffic before full rollout. Automated rollback conditions are pre-defined, and post-deployment audits verify telemetry coverage and alert thresholds for key service-level indicators.",ai
"The curriculum unit integrates inquiry-based learning with formative assessment. Students engage with examples, receive feedback, and iterate on drafts. Rubrics emphasize clarity, evidence, and revision quality. This structure encourages metacognition and gradual improvement rather than one-off performance.",ai
"This document outlines a data governance framework that specifies roles, access control boundaries, retention policies, and audit mechanisms. Applying the principle of least privilege limits the blast radius of incidents, while periodic reviews ensure that entitlements and data flows remain aligned with organizational risk tolerance.",ai
"We introduce a reproducible research template that standardizes environment capture, dependency pinning, dataset versioning, and results logging. Adopting this template reduces drift between development and evaluation phases and facilitates external verification of findings by independent reviewers.",ai
"The proposed user study employs a within-subjects design to control for individual differences. Counterbalancing mitigates order effects, and mixed-effects models capture both fixed and random influences. The analysis plan specifies primary outcomes, secondary measures, and correction procedures for multiple comparisons.",ai
"This API follows REST principles with predictable resource-oriented endpoints, idempotent methods, and explicit error semantics. Pagination, filtering, and field selection offer efficient access patterns. Versioning and deprecation policies are documented to maintain compatibility while allowing iterative improvement.",ai
"The monitoring strategy focuses on leading indicators rather than lagging alarms. Saturation metrics, queue depth, and request variance are tracked to anticipate degradation. Dashboards visualize percentile latencies, error budgets, and usage patterns, enabling faster diagnosis and informed capacity planning.",ai
"The instructional design leverages worked examples followed by structured practice. Learners first observe a complete solution annotated with rationale, then apply the pattern to novel but related problems. This gradual release of responsibility improves transfer and retention.",ai
"We present a concise threat model enumerating assets, adversaries, and likely attack vectors. Controls include input validation, authentication hardening, rate limits, and anomaly detection. Residual risks are documented alongside response playbooks and recovery procedures.",ai
The experimentation protocol uses k-fold cross-validation with stratified sampling to maintain class balance. Calibration plots and reliability diagrams accompany discrimination metrics to provide a full picture of model behavior. Reporting confidence intervals communicates uncertainty to stakeholders.,ai
"This proposal recommends a lightweight governance board that reviews changes with significant user impact. Decisions are recorded with rationale, alternatives considered, and expected outcomes. The aim is to balance agility with accountability while preserving a clear audit trail.",ai
"We define a minimum viable product encompassing ingestion, feature computation, and calibrated classification with a simple web interface. Subsequent iterations will expand dataset diversity, improve robustness against paraphrasing, and add explanation tooling such as SHAP for local interpretability.",ai
"The integration plan specifies contract tests at module boundaries and synthetic fixtures for edge cases. Continuous integration runs security scans, static analysis, and unit tests. Nightly jobs execute longer evaluation suites, producing trend reports for regression detection.",ai
"The report concludes with limitations and ethical considerations. Probabilistic outputs should not be used for punitive decisions without human review. Bias evaluations across language proficiency and genre are required, and disclaimers must accompany deployments in sensitive contexts.",ai
